Sr,Status,Area,Functionality,Purpose,Where to run / test,Procedure (what you do) — step by step,Where the response appears,Expected response / pass,If it fails — what to check,Why pending,Blocker owner,How to fix — step by step
1,COMPLETE,WhatsApp bot,Inbound chat + PBMP AI reply,User sends a question on WhatsApp; Gemini/PBMP answers automatically,Personal WhatsApp → business number +91 9370239600,"1) Open WhatsApp on your phone.
2) Open the chat: Grow24 / 9370239600.
3) Send hello or What is PBMP?
4) Wait 5–15 seconds.",Same WhatsApp chat (reply from 9370239600),An AI text reply arrives (PBMP / Grow24 explanation). The bot must not stay silent.,"If nothing arrives, open https://pbmpchatbotbackend.zeabur.app/whatsapp/status — status should be active.",Not pending — this item is live,,
2,COMPLETE,WhatsApp bot,Main menu (1–7),"Give the user guided options: ask, book, form, agent, voice, help, catalogue",WhatsApp chat 9370239600,"1) Send menu.
2) A numbered list arrives.
3) Try 1 through 7 separately.",Same WhatsApp chat,"Text menu: 1 Ask, 2 Book, 3 Form, 4 Agent, 5 Voice, 6 Help, 7 Catalogue. (Native buttons return 404 on WAPI — text fallback is correct.)","If the menu is slow/times out: the first attempt hits WAPI interactive 404, then skips interactive for 30 minutes.",Not pending — this item is live,,
3,COMPLETE,Menu 1,Ask → PBMP / Grow24 AI,Answer product and platform questions,WhatsApp chat,"1) Send menu → 1
2) Then 1 (PBMP / Grow24)
3) Send What is Grow24?",Same WhatsApp chat,A detailed AI answer about Grow24/PBMP.,Do not choose Other (2) for this test — that path is math/media.,Not pending — this item is live,,
4,COMPLETE,Menu 1,Ask → Other: Python math,Run simple calculations from WhatsApp,WhatsApp chat,"1) Send menu → 1 → 2 (Other)
2) Send 3+4 or Zeabur-python-add (3,4)",Same WhatsApp chat,A result such as 3+4=7,"If the Python script is missing, an error text is returned.",Not pending — this item is live,,
5,COMPLETE,Menu 1,Ask → Other: media commands,Send uploaded image/video/audio/gif on WhatsApp,WhatsApp chat,"1) Send menu → 1 → 2
2) Send image1 or video1 / audio1 / gif1",Same WhatsApp chat — media bubble,The file can be played or downloaded. Files are served from Zeabur /media.,If the file is missing: command help text. API test: POST /whatsapp/test-media,Not pending — this item is live,,
6,COMPLETE,Menu 2,Meeting booking flow,Book a meeting in chat and save a CRM lead,WhatsApp chat,"1) Send 2
2) Name → Email → Phone → Date → Time
3) Confirm with yes","1) WhatsApp confirmation message
2) CRM /api/leads (source=whatsapp_booking)",Summary + thank you. The lead appears in CRM.,Sending menu in the middle of the flow can reset it.,Not pending — this item is live,,
7,COMPLETE (fallback live),Menu 3,Forms — HTML browser links (fallback),Open a browser form when the in-chat Flow is not available,WhatsApp + phone browser,"1) Send 3
2) If the Open Form button does not appear, tap the booking/support URL
3) Fill the form → Submit
Direct URLs:
https://pbmpchatbotbackend.zeabur.app/forms/booking.html
https://pbmpchatbotbackend.zeabur.app/forms/support.html",Browser thank-you + CRM lead. Link message in WhatsApp.,Form submit succeeds. Lead is saved.,The native in-chat Flow is a separate pending item (Publish + WAPI).,Not pending — this item is live,,
8,COMPLETE,Menu 4,Human handoff,Pause the bot and let a human agent take the chat,WhatsApp chat + optional team email,"1) Send 4 or agent / talk to human
2) Type the question (the bot will not run AI)
3) Resume AI with bot or resume","1) User WhatsApp: connecting message
2) Team email (grow24.ai.collaboration@gmail.com) if env is set
3) GET /whatsapp/handoffs","Handoff is ON. After bot, AI resumes.","Agent reply API: POST /whatsapp/agent-reply {phone,message,keepHandoff:true}",Not pending — this item is live,,
9,COMPLETE,Menu 5,Voice call card + callback (click-to-call) — not VoIP,Show the phone number and accept a callback request. This does not pick up an in-WhatsApp call.,WhatsApp chat,"1) Send 5 — dial card / number / hours
2) Send callback or call me — callback request",Same WhatsApp chat. Callback notifies the team (email/webhook).,"Number 9370239600, hours, callback confirmation.",This is not Meta Calling (VoIP) — that item is still partial/pending.,Not pending — this item is live,,
10,COMPLETE,Menu 6,Help / commands,List all commands,WhatsApp chat,Send 6 or help or commands,Same WhatsApp chat,"Commands list: menu, 1–7, STOP/START, bot, callback, media names.",,Not pending — this item is live,,
11,COMPLETE (text catalogue),Menu 7,Product catalogue — text list,Show products/services until Meta Commerce product cards are linked,WhatsApp chat,Send 7 or catalogue / products,Same WhatsApp chat,Grow24/PBMP numbered text list plus website / book / form shortcuts.,Meta product cards appear only after WHATSAPP_CATALOGUE_ID is set (pending).,Not pending — this item is live,,
12,COMPLETE,Consent,STOP / START opt-out opt-in,Let the user stop or resume messaging (compliance),WhatsApp chat,"1) Send STOP
2) Send START",Same WhatsApp. Status: GET /whatsapp/consent/919096794848,"STOP confirmation; START turns messaging back on. After STOP, proactive free-form sends are blocked.",Replies inside the 24-hour window may still be allowed depending on rules.,Not pending — this item is live,,
13,COMPLETE,Backend,Webhook + idempotency + 24h window,Ignore duplicate messages; keep session; enforce customer-care window,Browser / laptop,"1) Open https://pbmpchatbotbackend.zeabur.app/whatsapp/status
2) Send the same hello twice quickly — it should not spam duplicate replies","JSON in the browser: status, sessions, messageStatuses, consent",status: active. Duplicate inbound is skipped in logs.,Memory sessions reset on process restart unless SESSION_STORE is set.,Not pending — this item is live,,
14,COMPLETE,Media API,Outbound media send API,Let the team/tests send an image (or other media),Laptop terminal,"curl -X POST https://pbmpchatbotbackend.zeabur.app/whatsapp/test-media -H 'Content-Type: application/json' -d '{""phone"":""919096794848"",""mediaType"":""image"",""mediaUrl"":""https://pbmpchatbotbackend.zeabur.app/media/image1.jpg"",""bypassWindow"":true}'",Image on WhatsApp. API JSON includes wamid.,HTTP 200 + WhatsApp media.,"If the 24h window expired, use bypassWindow true.",Not pending — this item is live,,
15,COMPLETE,Android Automate,Voice → PBMP API → speak (+ optional WhatsApp),Ask with the phone mic; hear the answer on the speaker,Android Automate app + optional WhatsApp 9096794848,"1) Start Automate flow Pbmp voice ask.
2) Allow microphone.
3) Say: What is PBMP?
4) HTTP POST https://pbmpchatbotbackend.zeabur.app/whatsapp/automate
Header: X-PBMP-Automate-Key: long-random-secret
Body: {""action"":""ask"",""text"":transcripts[0],""sendWhatsApp"":0,""bypassWindow"":1,""bypassConsent"":1}
5) Speak {answer}
Laptop ping: action ping","1) Phone speaker (speakText)
2) If sendWhatsApp=1: WhatsApp chat from 9370239600 to 9096794848",Ping: PBMP Automate endpoint is ready. Ask: AI answer. sendWhatsApp 0 → whatsappSent false.,Do not use true/false in Automate expression mode — use 0/1. Timeout 30s. Wrong key = 401.,Not pending — this item is live,,
16,COMPLETE (API),Android AutoVoice,Always-listening wake-phrase API,"Ask without tapping Start, using ask pbmp …",AutoVoice + Automate + API,"1) Install AutoVoice; grant mic + always listening.
2) Command filter: ask pbmp
3) Automate Plug-in event → HTTP action=autovoice, sendWhatsApp 0
4) Say: ask pbmp what is PBMP",Phone speaker. WhatsApp is off by default (faster).,The wake phrase is stripped; the remaining question goes to AI; speakText is returned.,Docs: AUTOVOICE_SETUP.md. Installing the app on the phone may still be pending.,Not pending — this item is live,,
17,COMPLETE (scaffold + reject),Meta Calling,Inbound WhatsApp call webhook + auto-reject + chat follow-up,Capture the call event. Do not pick up audio — reject and offer callback.,WhatsApp Manager test number +1 555 196 5746 + status URL,"1) WhatsApp Manager → Phone numbers → test number → Call settings → Allow voice calls ON.
2) Zeabur WHATSAPP_CALLING_ENABLED=true (already set).
3) Call the test number from another WhatsApp.
4) Open https://pbmpchatbotbackend.zeabur.app/whatsapp/calling/status","1) Call reject / miss
2) recentEvents JSON
3) Missed-call WhatsApp message to the caller (callback / 5 / 4)
4) Team notify",recentEvents contains calls. Follow-up text arrives.,No call icon: Call settings OFF. Pickup will not happen — WebRTC is pending.,Not pending — this item is live,,
18,COMPLETE,Admin APIs,"Status, test send, agent reply, catalogue send, calling status",Debug and team tools,Browser / curl,"GET /whatsapp/status
GET /whatsapp/calling/status
GET /whatsapp/catalogue/status
GET /whatsapp/handoffs
POST /whatsapp/test {phone,message,bypassWindow:true}
POST /whatsapp/test-menu
POST /whatsapp/test-flow {phone,flowKind:lead,bypassWindow:true}
POST /whatsapp/catalogue/send {phone,bypassWindow:true}",Browser JSON or a WhatsApp message,success true / status active,Base: https://pbmpchatbotbackend.zeabur.app,Not pending — this item is live,,
19,COMPLETE,Meta App,PBMP Grow24 Developer App + webhook verify,Calling / catalogue / Flow experiments — keep WAPI messaging separate,developers.facebook.com app PBMP Grow24,"Webhook URL already: https://pbmpchatbotbackend.zeabur.app/whatsapp/calling/webhook
Verify token = WEBHOOK_VERIFY_TOKEN (pbmp_meta_verify_2026)
Test number: +1 555 196 5746
App ID: 1010034605583120
Do NOT attach production 9370239600 to this app.",Meta dashboard green webhook; GET calling/status ready true,"Webhook subscribed (calls, messages).",Do not add the production number in Step 2 — that would break WAPI.,Not pending — this item is live,,
P1,PENDING,Pending / blocked,In-chat WhatsApp Flow Publish (menu 3 native form),Menu 3 shows Open Form; the form opens inside WhatsApp; submit sends details + success + CRM.,See How to fix — step by step,"1) business.facebook.com → Security Centre / Business verification — wait for Approved.
2) WhatsApp Manager → WAPI WABA (the one with 9370239600, not the test WABA) → Account tools → Flows → pbmp_lead_enquiry.
3) Check JSON: pbmp-backend/flows/lead-enquiry-flow.json screen LEAD_ENQUIRY.
4) Preview/Test to your number (Draft is allowed).
5) Publish after Approved.
6) Keep Flow ID in Zeabur WHATSAPP_LEAD_FLOW_ID (currently 1683299722773369).
7) Set WHATSAPP_FLOW_MODE=published and redeploy.
8) Email WAPI: enable interactive type flow.",WhatsApp: 3 → Open Form → submit. Or POST /whatsapp/test-flow flowKind=lead. Browser-link fallback should not appear.,WhatsApp: 3 → Open Form → submit. Or POST /whatsapp/test-flow flowKind=lead. Browser-link fallback should not appear.,Menu 3 HTML booking/support links. Flow Builder Preview/Test.,Meta business verification is In review. Draft Flows are not sent to customers. Publish requires verification and high message quality.,Meta (DATASCIENCE TECHNOLOGIES Pvt Ltd verification) + you (WABA Flows),"1) business.facebook.com → Security Centre / Business verification — wait for Approved.
2) WhatsApp Manager → WAPI WABA (the one with 9370239600, not the test WABA) → Account tools → Flows → pbmp_lead_enquiry.
3) Check JSON: pbmp-backend/flows/lead-enquiry-flow.json screen LEAD_ENQUIRY.
4) Preview/Test to your number (Draft is allowed).
5) Publish after Approved.
6) Keep Flow ID in Zeabur WHATSAPP_LEAD_FLOW_ID (currently 1683299722773369).
7) Set WHATSAPP_FLOW_MODE=published and redeploy.
8) Email WAPI: enable interactive type flow."
P2,PENDING,Pending / blocked,WAPI native reply buttons / list menu,The menu shows 3 native buttons / a list picker.,See How to fix — step by step,"1) Email admin@wapi.in.net / 9310465591: enable send-interactive-message for buttons, list, flow, catalog.
2) Confirm their path/payload.
3) Update Zeabur WAPI_SEND_INTERACTIVE_PATH if the path differs.
4) Redeploy.
5) Optional experiment: META_GRAPH_INTERACTIVE_FALLBACK=true — this sends from the Meta TEST number, not production 9370239600.","Send menu — WhatsApp buttons appear, not only numbered text.","Send menu — WhatsApp buttons appear, not only numbered text.",The numbered text menu is already complete — the UX still works.,WAPI path contact/send-interactive-message returns 404 on this account. The code uses text fallback plus a 30-minute cooldown.,WAPI.in.net support,"1) Email admin@wapi.in.net / 9310465591: enable send-interactive-message for buttons, list, flow, catalog.
2) Confirm their path/payload.
3) Update Zeabur WAPI_SEND_INTERACTIVE_PATH if the path differs.
4) Redeploy.
5) Optional experiment: META_GRAPH_INTERACTIVE_FALLBACK=true — this sends from the Meta TEST number, not production 9370239600."
P3,PENDING,Pending / blocked,Meta Commerce catalogue product cards,Menu 7 shows WhatsApp product cards / a catalog thumbnail.,See How to fix — step by step,"1) business.facebook.com/commerce → Create catalogue.
2) Add products + retailer IDs (sku-…).
3) Link the catalogue to the WABA.
4) Zeabur: WHATSAPP_CATALOGUE_ID=… and WHATSAPP_CATALOGUE_PRODUCT_IDS=sku-1,sku-2
5) Redeploy.
6) Ask WAPI to enable catalog_message / product_list.",Send 7 — cards appear. Or POST /whatsapp/catalogue/send. /whatsapp/catalogue/status commerceReady true.,Send 7 — cards appear. Or POST /whatsapp/catalogue/send. /whatsapp/catalogue/status commerceReady true.,Menu 7 text catalogue (Grow24/PBMP list) is already live.,WHATSAPP_CATALOGUE_ID is not set. The Commerce catalogue is not linked to the WABA. WAPI catalog_message may also 404 on interactive.,You (Commerce Manager) + WAPI (catalog send),"1) business.facebook.com/commerce → Create catalogue.
2) Add products + retailer IDs (sku-…).
3) Link the catalogue to the WABA.
4) Zeabur: WHATSAPP_CATALOGUE_ID=… and WHATSAPP_CATALOGUE_PRODUCT_IDS=sku-1,sku-2
5) Redeploy.
6) Ask WAPI to enable catalog_message / product_list."
P4,PENDING,Pending / blocked,WhatsApp Calling true pickup (VoIP answer + audio),The user calls in WhatsApp; the business picks up; audio works.,See How to fix — step by step,"1) Turn Call settings ON for the test number (Allow voice calls).
2) Test call → verify reject + follow-up (this phase is done).
3) Next: a WebRTC server (or Meta SIP) that returns an SDP answer.
4) On webhook connect: pre_accept + accept.
5) Production calling needs a separate migration plan — do not remove 9370239600 from WAPI.","Call the test number and get connect + audio. /calling/status events show ACCEPTED, not only reject.","Call the test number and get connect + audio. /calling/status events show ACCEPTED, not only reject.",Menu 5 click-to-call + callback. Inbound auto-reject + missed-call WhatsApp message.,Accept/pre_accept needs a WebRTC SDP media server. Inbound calls are auto-rejected with a chat follow-up. WAPI does not expose Calling. Do not move the production number onto the Meta App.,Engineering (WebRTC/SIP) + Meta Call settings on the test number,"1) Turn Call settings ON for the test number (Allow voice calls).
2) Test call → verify reject + follow-up (this phase is done).
3) Next: a WebRTC server (or Meta SIP) that returns an SDP answer.
4) On webhook connect: pre_accept + accept.
5) Production calling needs a separate migration plan — do not remove 9370239600 from WAPI."
P5,PENDING,Pending / blocked,AutoVoice always-listening on the phone,"An answer without tapping Automate Start, using the wake phrase.",See How to fix — step by step,"1) Play Store AutoVoice (Joãoapps). Mic + notifications.
2) Always listening ON. Filter ask pbmp.
3) Duplicate the Automate flow: remove Speech, add Plug-in event AutoVoice.
4) HTTP action=autovoice sendWhatsApp 0.
5) Start the flow. Say ask pbmp what is PBMP.",The phone speaks the answer. Automate log shows HTTP 200.,The phone speaks the answer. Automate log shows HTTP 200.,Existing Pbmp voice ask (tap Start → speak) is already complete.,The API is complete. You still need to install AutoVoice and start the Automate Plug-in flow. AutoVoice Pro is optional/paid.,You (Android phone),"1) Play Store AutoVoice (Joãoapps). Mic + notifications.
2) Always listening ON. Filter ask pbmp.
3) Duplicate the Automate flow: remove Speech, add Plug-in event AutoVoice.
4) HTTP action=autovoice sendWhatsApp 0.
5) Start the flow. Say ask pbmp what is PBMP."
P6,PENDING,Pending / blocked,Business verification Approved,Flow Publish and extra Cloud API features.,See How to fix — step by step,"1) Business settings → check verification status.
2) If Rejected, upload the documents Meta asks for (GST/CIN/address).
3) After Approved: P1 Publish + optional Meta App Publish.",Verification badge Verified. Flow Publish button enabled.,Verification badge Verified. Flow Publish button enabled.,Draft Flow Preview; HTML forms; WAPI messaging unchanged.,Meta review is In review (days). Flow Publish and some Calling/catalogue production limits wait on this.,Meta review team — keep documents complete; do not spam resubmit,"1) Business settings → check verification status.
2) If Rejected, upload the documents Meta asks for (GST/CIN/address).
3) After Approved: P1 Publish + optional Meta App Publish."
P7,PENDING,Pending / blocked,WhatsApp message templates (proactive outside 24h),First message outside the 24h window via template.,See How to fix — step by step,"1) Meta / WAPI dashboard → create template (e.g. pbmp_welcome) → submit.
2) Status APPROVED.
3) Sync in WAPI.
4) Zeabur WAPI_DEFAULT_TEMPLATE_NAME=pbmp_welcome
5) POST /whatsapp/test-template",test-template 200 + template message on WhatsApp.,test-template 200 + template message on WhatsApp.,"If the user messages first (24h window), free-form replies already work.",The send path is live but needs a Meta-approved template name synced in WAPI. Without approval the API returns 422.,You (Meta templates) + WAPI sync,"1) Meta / WAPI dashboard → create template (e.g. pbmp_welcome) → submit.
2) Status APPROVED.
3) Sync in WAPI.
4) Zeabur WAPI_DEFAULT_TEMPLATE_NAME=pbmp_welcome
5) POST /whatsapp/test-template"
P8,PENDING,Pending / blocked,Multi-agent inbox assignment,Multiple agents assigned to separate chats.,See How to fix — step by step,"Later phase: agent users, assign, claim. For now one human queue + agent-reply is enough.",N/A for now,N/A for now,Menu 4 handoff + POST /whatsapp/agent-reply.,"WAPI team inbox is not the PBMP API. We have a single handoff flag + agent-reply API, not an agent roster.",Product decision + later CRM/WAPI inbox,"Later phase: agent users, assign, claim. For now one human queue + agent-reply is enough."
P9,PENDING,Pending / blocked,Do not move production 9370239600 onto the Meta App,Stable production bot.,See How to fix — step by step,Run Calling/Flow experiments on test number +1 555 196 5746. Keep production on WAPI until there is a migration plan.,WAPI dashboard outbound + messages on the phone from 9370239600.,WAPI dashboard outbound + messages on the phone from 9370239600.,Keep the current architecture: WhatsApp → WAPI → PBMP.,"This is a constraint, not a missing feature. Adding the number in Meta App Step 2 can break WAPI messaging.",You / ops,Run Calling/Flow experiments on test number +1 555 196 5746. Keep production on WAPI until there is a migration plan.
